Track Name,Artist Name(s),Album Name,Album Artist Name(s),Album Release Date,Album Image URL,Track Duration (ms)
Intentions,"Justin Bieber, Quavo",Intentions,Justin Bieber,2020-02-07,https://i.scdn.co/image/ab67616d0000b27308e30ab6a058429303d75876,212868
Starboy,"The Weeknd, Daft Punk",Starboy,The Weeknd,2016-11-25,https://i.scdn.co/image/ab67616d0000b2734718e2b124f79258be7bc452,230453
Seven (feat. Latto) (Explicit Ver.),"Jung Kook, Latto",Seven (feat. Latto),"Jung Kook, Latto",2023-07-14,https://i.scdn.co/image/ab67616d0000b273bf5cce5a0e1ed03a626bdd74,184400
Back In Black,AC/DC,Back In Black,AC/DC,1980-07-25,https://i.scdn.co/image/ab67616d0000b2730b51f8d91f3a21e8426361ae,255493
Hate Me (with Juice WRLD),"Ellie Goulding, Juice WRLD",Hate Me (with Juice WRLD),"Ellie Goulding, Juice WRLD",2019-06-26,https://i.scdn.co/image/ab67616d0000b273dc854e032e8588d5e75eebc6,186223
Nightmare,Halsey,Nightmare,Halsey,2019-05-17,https://i.scdn.co/image/ab67616d0000b2730db100d30d1ef9a91aefeabf,231998
Temperature,Sean Paul,The Trinity,Sean Paul,2005-09-26,https://i.scdn.co/image/ab67616d0000b27369ba684e533706bafe248ef3,218573
Can t Feel My Face,The Weeknd,Beauty Behind The Madness,The Weeknd,2015-08-28,https://i.scdn.co/image/ab67616d0000b2737fcead687e99583072cc217b,213520
1st Gen,Shuba,1st Gen,Shuba,2023-07-21,https://i.scdn.co/image/ab67616d0000b2730fcdc29d1c5012cdb811f0d3,140000
Set Fire to the Rain,Adele,21,Adele,2011-01-24,https://i.scdn.co/image/ab67616d0000b273164feb363334f93b6458d2a9,242973
What It Is (Block Boy) (with Kodak Black),"Doechii, Kodak Black",What It Is (Block Boy) (with Kodak Black),Doechii,2023-03-17,https://i.scdn.co/image/ab67616d0000b273c8f2c1cfe0bdb686c659b641,223343
What It Is (Solo Version),Doechii,What It Is (Versions),Doechii,2023-03-17,https://i.scdn.co/image/ab67616d0000b2732ee85751f6f503fa9a533eba,189824
I m Just Ken (From Barbie The Album),Ryan Gosling,I m Just Ken (From Barbie The Album),Ryan Gosling,2023-07-21,https://i.scdn.co/image/ab67616d0000b27312b7b6e520d6ac082b520e64,222633
Love Like This,ZAYN,Love Like This,ZAYN,2023-07-21,https://i.scdn.co/image/ab67616d0000b27381f97190f6fc196ee0d697c1,173303
E.T.,"Katy Perry, Kanye West",Teenage Dream: The Complete Confection,Katy Perry,2012-03-12,https://i.scdn.co/image/ab67616d0000b273937af329667311f4b2831616,229573
Rockstar,"Ilkay Sencan, Dynoro",Rockstar,"Ilkay Sencan, Dynoro",2019-06-21,https://i.scdn.co/image/ab67616d0000b273a1d56525c3380e5cbda5f48f,212280
Mood (feat. iann dior),"24kGoldn, iann dior",El Dorado,24kGoldn,2021-03-26,https://i.scdn.co/image/ab67616d0000b27384c53fa832dfa265192419c5,140533
Don t Blame Me,Taylor Swift,reputation,Taylor Swift,2017-11-10,https://i.scdn.co/image/ab67616d0000b273da5d5aeeabacacc1263c0f4b,236413
How You Like That,BLACKPINK,THE ALBUM,BLACKPINK,2020-10-02,https://i.scdn.co/image/ab67616d0000b2731895052324f123becdd0d53d,180956
Lilith,Halsey,"If I Can t Have Love, I Want Power",Halsey,2021-08-27,https://i.scdn.co/image/ab67616d0000b2731f9f8d93bf43b569817af0a4,167240
Wonderland,Taylor Swift,1989 (Deluxe),Taylor Swift,2014-01-01,https://i.scdn.co/image/ab67616d0000b27352b2a3824413eefe9e33817a,245560
Hurts So Good,Astrid S,Astrid S,Astrid S,2016-05-20,https://i.scdn.co/image/ab67616d0000b27331e760ae51990e7d9a32593a,208728
See You Again (feat. Charlie Puth),"Wiz Khalifa, Charlie Puth",See You Again (feat. Charlie Puth),"Wiz Khalifa, Charlie Puth",2015,https://i.scdn.co/image/ab67616d0000b2734e5df11b17b2727da2b718d8,229525
See You,Johnny Orlando,It s Never Really Over (Expanded),Johnny Orlando,2020-12-22,https://i.scdn.co/image/ab67616d0000b273fb0ea2ab8c0a71549518e6fd,175145
Lilith (feat. SUGA of BTS) (Diablo IV Anthem),"Halsey, SUGA",Lilith (feat. SUGA of BTS) (Diablo IV Anthem),"Halsey, SUGA",2023-06-05,https://i.scdn.co/image/ab67616d0000b273f19310c007c0fad365b0542e,180933
Bad At Love,Halsey,hopeless fountain kingdom (Deluxe),Halsey,2017-06-02,https://i.scdn.co/image/ab67616d0000b2730f7ad6d8d829906c17cae210,181279
Sunroof,"Nicky Youre, dazy",Sunroof,"Nicky Youre, dazy",2021-12-03,https://i.scdn.co/image/ab67616d0000b2732d03cfe61f9e398fa2f68c65,163025
Safari,Serena,Safari,Serena,2017-11-28,https://i.scdn.co/image/ab67616d0000b273d4ecc9efa75fb775522a78af,187408
Faded,Alan Walker,Different World,Alan Walker,2018-12-14,https://i.scdn.co/image/ab67616d0000b273a108e07c661f9fc54de9c43a,212106
One Kiss (with Dua Lipa),"Calvin Harris, Dua Lipa",One Kiss (with Dua Lipa),"Calvin Harris, Dua Lipa",2018-04-06,https://i.scdn.co/image/ab67616d0000b273d09f96d82310d4d77c14c108,214846
Watermelon Sugar,Harry Styles,Fine Line,Harry Styles,2019-12-13,https://i.scdn.co/image/ab67616d0000b27377fdcfda6535601aff081b6a,174000
i m yours,Isabel LaRosa,i m yours,Isabel LaRosa,2022-10-28,https://i.scdn.co/image/ab67616d0000b2737f73e6587c8ced7cad6e1e02,145667
STAY (with Justin Bieber),"The Kid LAROI, Justin Bieber",STAY (with Justin Bieber),"The Kid LAROI, Justin Bieber",2021-07-09,https://i.scdn.co/image/ab67616d0000b27341e31d6ea1d493dd77933ee5,141805
MIDDLE OF THE NIGHT,Elley Duhé,MIDDLE OF THE NIGHT,Elley Duhé,2020-01-10,https://i.scdn.co/image/ab67616d0000b27353a2e11c1bde700722fecd2e,184447
SNAP,Rosa Linn,SNAP,Rosa Linn,2022-03-19,https://i.scdn.co/image/ab67616d0000b2731391b1fdb63da53e5b112224,179551
Unstoppable,Sia,This Is Acting,Sia,2016-01-29,https://i.scdn.co/image/ab67616d0000b27349e0134c686547c28b7c999f,217746
...Ready For It?,Taylor Swift,reputation,Taylor Swift,2017-11-10,https://i.scdn.co/image/ab67616d0000b273da5d5aeeabacacc1263c0f4b,208186
"Love Me Like You Do - From ""Fifty Shades Of Grey""",Ellie Goulding,Delirium (Deluxe),Ellie Goulding,2015-11-06,https://i.scdn.co/image/ab67616d0000b2736bdee14242f244d9d6ddf2fd,252534
Eastside (with Halsey & Khalid),"benny blanco, Halsey, Khalid",Eastside (with Halsey & Khalid),"benny blanco, Halsey, Khalid",2018-07-12,https://i.scdn.co/image/ab67616d0000b2733154f0bdf9a17385d7afc6ba,173799
Pray For Me,"The Weeknd, Kendrick Lamar",The Highlights,The Weeknd,2021-02-05,https://i.scdn.co/image/ab67616d0000b27312a76d1b13ef07188f7dfbc9,211420
I Gave Everything,"Connor Price, GRAHAM",I Gave Everything,"Connor Price, GRAHAM",2023-05-19,https://i.scdn.co/image/ab67616d0000b273a1612b08a7bdeebf4e0c4883,134942
Drop,"Connor Price, Zensery",Spin The Globe,Connor Price,2023-01-27,https://i.scdn.co/image/ab67616d0000b27348113e42e6364509694507d2,128690
Violet,"Connor Price, Killa",Spin The Globe,Connor Price,2023-01-27,https://i.scdn.co/image/ab67616d0000b27348113e42e6364509694507d2,122880
Spinnin,"Connor Price, Bens",Spin The Globe,Connor Price,2023-01-27,https://i.scdn.co/image/ab67616d0000b27348113e42e6364509694507d2,110938
Bad Liar,Imagine Dragons,Origins (Deluxe),Imagine Dragons,2018-11-09,https://i.scdn.co/image/ab67616d0000b273da6f73a25f4c79d0e6b4a8bd,260773
Worth It (feat. Kid Ink),"Fifth Harmony, Kid Ink",Reflection (Deluxe),Fifth Harmony,2015-01-30,https://i.scdn.co/image/ab67616d0000b2735bdd9e580fdda5e676a25e6a,224573
Miss You (When You re Gone),"Connor Price, Chloe Sagum",Miss You (When You re Gone),"Connor Price, Chloe Sagum",2023-04-28,https://i.scdn.co/image/ab67616d0000b2732e99608e80c64955dc9497fc,171258
Often - Kygo Remix,"The Weeknd, Kygo",Often (Kygo Remix),The Weeknd,2015-04-07,https://i.scdn.co/image/ab67616d0000b273cc453150b04581f1295e1e36,234400
"Living Life, In The Night","Cheriimoya, Sierra Kidd","Living Life, In The Night","Cheriimoya, Sierra Kidd",2018-10-13,https://i.scdn.co/image/ab67616d0000b273cbb98a272f05e3bbcd08fe7d,122517
Hero,"Alan Walker, Sasha Alex Sloan",Hero,"Alan Walker, Sasha Alex Sloan",2023-05-04,https://i.scdn.co/image/ab67616d0000b273bacf3a471ccb6a10bc606f42,175271
New Rules,Dua Lipa,Dua Lipa (Deluxe),Dua Lipa,2017-06-02,https://i.scdn.co/image/ab67616d0000b273a2b0e8ac0b7b04971d1744ab,209320
People,Libianca,People,Libianca,2022-12-06,https://i.scdn.co/image/ab67616d0000b273fc342f95f117d48dbdde9735,184791
Ignite,"Alan Walker, Julie Bergan, K-391, SEUNGRI",Ignite,"K-391, Alan Walker, Julie Bergan",2018-05-11,https://i.scdn.co/image/ab67616d0000b273eaee7835ad1cd0c435edd7cf,210288
God s Plan,Drake,Scorpion,Drake,2018-06-29,https://i.scdn.co/image/ab67616d0000b273f907de96b9a4fbc04accc0d5,198973
Don t Let Me Down,"The Chainsmokers, Daya",Don t Let Me Down,The Chainsmokers,2016-02-05,https://i.scdn.co/image/ab67616d0000b273df7cddc2d32ef9df762d5a30,208373
Astronaut In The Ocean - Alok Remix,"Masked Wolf, Alok",Astronaut In The Ocean (Alok Remix),"Masked Wolf, Alok",2021-04-30,https://i.scdn.co/image/ab67616d0000b273c7ab54f6fb3cad1c97581e4f,128371
Astronaut In The Ocean,Masked Wolf,Astronaut In The Ocean,Masked Wolf,2021-01-06,https://i.scdn.co/image/ab67616d0000b27397fdd7cf1b14d78c6a7fb17f,132780
Lily,"Alan Walker, K-391, Emelie Hollow",Different World,Alan Walker,2018-12-14,https://i.scdn.co/image/ab67616d0000b273a108e07c661f9fc54de9c43a,195840
"Alone, Pt. II","Alan Walker, Ava Max","Alone, Pt. II","Alan Walker, Ava Max",2019-12-27,https://i.scdn.co/image/ab67616d0000b273153261ff7373a171c24ab9f9,179052
Love You Goodbye,One Direction,Made In The A.M. (Deluxe Edition),One Direction,2015-11-13,https://i.scdn.co/image/ab67616d0000b273241e4fe75732c9c4b49b94c3,196933
Cradles,Sub Urban,Cradles,Sub Urban,2019-01-04,https://i.scdn.co/image/ab67616d0000b273c6bc82f5cafb58545331ef23,209829
Where We Started,"Jex, Lost Sky",Where We Started,"Jex, Lost Sky",2019-11-07,https://i.scdn.co/image/ab67616d0000b27389f4938869a74393b60d0f4a,222005
Give It To Me,"Timbaland, Justin Timberlake, Nelly Furtado",Shock Value,Timbaland,2007-04-02,https://i.scdn.co/image/ab67616d0000b273755a9f1e89ad8e8cf91d4956,234026
In The Stars,Benson Boone,In The Stars,Benson Boone,2022-04-29,https://i.scdn.co/image/ab67616d0000b273786e4e2c43c2897fafabbfb6,216410
Without Me,Halsey,Without Me,Halsey,2018-10-04,https://i.scdn.co/image/ab67616d0000b273c42acc1b86597285c2c79559,201660
Dandelions,Ruth B.,Safe Haven,Ruth B.,2017-05-05,https://i.scdn.co/image/ab67616d0000b27397e971f3e53475091dc8d707,233720
On My Way,"Alan Walker, Sabrina Carpenter, Farruko",On My Way,"Alan Walker, Sabrina Carpenter, Farruko",2019-03-21,https://i.scdn.co/image/ab67616d0000b273d2aaf635815c265aa1ecdecc,193797
"Whenever, Wherever",Shakira,Laundry Service,Shakira,2001-11-13,https://i.scdn.co/image/ab67616d0000b2731f400a1f4d821b00824cf58f,196160
Miss Americana & The Heartbreak Prince,Taylor Swift,Lover,Taylor Swift,2019-08-23,https://i.scdn.co/image/ab67616d0000b273e787cffec20aa2a396a61647,234146
Tears of Gold,Faouzia,Tears of Gold,Faouzia,2019-11-20,https://i.scdn.co/image/ab67616d0000b273c08fc202dde1427b4016c021,176117
The Real Slim Shady,Eminem,The Marshall Mathers LP,Eminem,2000-05-23,https://i.scdn.co/image/ab67616d0000b273dbb3dd82da45b7d7f31b1b42,284200
"Tokyo Drift (Fast & Furious) - From ""The Fast And The Furious: Tokyo Drift"" Soundtrack",Teriyaki Boyz,Tokyo Drift (Fast & Furious),Teriyaki Boyz,2006-01-01,https://i.scdn.co/image/ab67616d0000b273aac3b3863e8f7a43a9b65a19,255946
Mockingbird,Eminem,Encore (Deluxe Version),Eminem,2004-11-12,https://i.scdn.co/image/ab67616d0000b273726d48d93d02e1271774f023,250760
2002,Anne-Marie,Speak Your Mind (Deluxe),Anne-Marie,2018-04-27,https://i.scdn.co/image/ab67616d0000b27338aae75dc37fb42457866ffd,186986
Don t Let It Break Your Heart,Louis Tomlinson,Walls,Louis Tomlinson,2020-01-31,https://i.scdn.co/image/ab67616d0000b2737523b7e42168f3122351721b,204973
Lonely,Akon,Trouble Deluxe Edition,Akon,2005-01-01,https://i.scdn.co/image/ab67616d0000b2736ec7ab30397ea37295340a41,235800
Strip That Down,"Liam Payne, Quavo",Strip That Down,Liam Payne,2017-05-18,https://i.scdn.co/image/ab67616d0000b273bb19faf82c27f392e29c7300,204502
Demons,Imagine Dragons,Night Visions,Imagine Dragons,2012-09-04,https://i.scdn.co/image/ab67616d0000b273407bd04707c463bbb3410737,177506
Timber (feat. Ke$ha),"Pitbull, Kesha",Global Warming: Meltdown (Deluxe Version),Pitbull,2012,https://i.scdn.co/image/ab67616d0000b273f2486b438645e97b523e4f90,204160
Destination,Crash Adams,Destination,Crash Adams,2022-12-02,https://i.scdn.co/image/ab67616d0000b27382ad9f7c89f25aad0a8b8ca9,163543
Numb Little Bug,Em Beihold,Numb Little Bug,Em Beihold,2022-01-28,https://i.scdn.co/image/ab67616d0000b273dc0353a5801934f9a4bac01d,169237
Heaven,Niall Horan,Heaven,Niall Horan,2023-02-17,https://i.scdn.co/image/ab67616d0000b273723c6c01155c023a9a9f8cf0,186043
I ll Be Waiting,Cian Ducrot,I ll Be Waiting,Cian Ducrot,2023-02-10,https://i.scdn.co/image/ab67616d0000b273ed62e83c6ff06c2777181a29,172547
There s Nothing Holdin  Me Back,Shawn Mendes,Illuminate (Deluxe),Shawn Mendes,2017-04-20,https://i.scdn.co/image/ab67616d0000b273ea3ef7697cfd5705b8f47521,199440
this is what heartbreak feels like,JVKE,this is what ____ feels like (Vol. 1-4),JVKE,2022-09-23,https://i.scdn.co/image/ab67616d0000b273c2504e80ba2f258697ab2954,157636
Enchanted,Taylor Swift,Speak Now,Taylor Swift,2010-10-25,https://i.scdn.co/image/ab67616d0000b273d0eae3c1661a96570f0ca7bd,352200
Stereo Hearts (feat. Adam Levine),"Gym Class Heroes, Adam Levine",The Papercut Chronicles II,Gym Class Heroes,2011-11-11,https://i.scdn.co/image/ab67616d0000b27318b8088fe0c3dbf78398b55a,210960
Attention,Charlie Puth,Voicenotes,Charlie Puth,2018-05-11,https://i.scdn.co/image/ab67616d0000b273897f73256b9128a9d70eaf66,208786
Unholy (feat. Kim Petras),"Sam Smith, Kim Petras",Unholy (feat. Kim Petras),"Sam Smith, Kim Petras",2022-09-22,https://i.scdn.co/image/ab67616d0000b273a935e4689f15953311772cc4,156943
Hips Don t Lie (feat. Wyclef Jean),"Shakira, Wyclef Jean","Oral Fixation, Vol. 2 (Expanded Edition)",Shakira,2005-11-28,https://i.scdn.co/image/ab67616d0000b27327ddd747545c0d0cfe7595fa,218093
I WANNA BE YOUR SLAVE,Måneskin,Teatro d ira - Vol. I,Måneskin,2021-03-19,https://i.scdn.co/image/ab67616d0000b2735aa05015cfa7bd2943c29b21,173346
Maybe My Soulmate Died,iamnotshane,Maybe My Soulmate Died,iamnotshane,2022-06-15,https://i.scdn.co/image/ab67616d0000b2737c0732b3caaa12b64fd00753,114375
No Lie,"Sean Paul, Dua Lipa",Mad Love The Prequel,Sean Paul,2018-06-29,https://i.scdn.co/image/ab67616d0000b2732d564195ed3dd7b70d64862c,221176
Lavender Haze,Taylor Swift,Midnights,Taylor Swift,2022-10-21,https://i.scdn.co/image/ab67616d0000b273bb54dde68cd23e2a268ae0f5,202395
Bones,Imagine Dragons,Mercury - Acts 1 & 2,Imagine Dragons,2022-07-01,https://i.scdn.co/image/ab67616d0000b273fc915b69600dce2991a61f13,165264
Baby,"Justin Bieber, Ludacris",My World 2.0,Justin Bieber,2010-01-01,https://i.scdn.co/image/ab67616d0000b273629dc9e2e3bc20bbd7d92e4a,214240
Call Me Maybe,Carly Rae Jepsen,Kiss,Carly Rae Jepsen,2012-01-01,https://i.scdn.co/image/ab67616d0000b273d3ee4bf67c2ac2154006ad72,193400
Seeing Blind,"Niall Horan, Maren Morris",Flicker (Deluxe),Niall Horan,2017-10-20,https://i.scdn.co/image/ab67616d0000b2735bac234d5511248b248caf36,185280
If I Can t Have You,Shawn Mendes,Shawn Mendes (Deluxe),Shawn Mendes,2019-06-19,https://i.scdn.co/image/ab67616d0000b273c820f033bd82bef4355d1563,191466
One Way or Another (Teenage Kicks),One Direction,One Way Or Another (Teenage Kicks),One Direction,2013-02-17,https://i.scdn.co/image/ab67616d0000b2732288e51936a9fdde73d22904,157293
We Will Rock You,Nickelback,Photograph,Nickelback,2005,https://i.scdn.co/image/ab67616d0000b273534d161ce7aba869f0810ffd,119786
Infinity,Jaymes Young,Feel Something,Jaymes Young,2017-06-23,https://i.scdn.co/image/ab67616d0000b273a9897f65d1ead1be10a51e3f,237720
Right Now,One Direction,Midnight Memories (Deluxe),One Direction,2013-11-25,https://i.scdn.co/image/ab67616d0000b2732f76b797c382bedcafdf45e1,200400
Moments,One Direction,Up All Night,One Direction,2012-05-25,https://i.scdn.co/image/ab67616d0000b2734a5584795dc73860653a9a3e,262640
Moral of the Story,Ashe,Moral of the Story,Ashe,2019-02-14,https://i.scdn.co/image/ab67616d0000b273aea0d98794e91056c608e069,201083
Moral of the Story (feat. Niall Horan),"Ashe, Niall Horan",Moral of the Story (feat. Niall Horan),"Ashe, Niall Horan",2020-06-17,https://i.scdn.co/image/ab67616d0000b273a987515783d010661bfd631e,198515
Dreamers [Music from the FIFA World Cup Qatar 2022 Official Soundtrack],"Jung Kook, BTS, FIFA Sound",Dreamers [Music from the FIFA World Cup Qatar 2022 Official Soundtrack],"Jung Kook, BTS",2022-11-20,https://i.scdn.co/image/ab67616d0000b273ef57183066d6cac0cabb85c6,201391
Mine,Taylor Swift,Speak Now (Deluxe Package),Taylor Swift,2010-01-01,https://i.scdn.co/image/ab67616d0000b273e1bc852a04501952c765d5cd,230773
Levitating,Dua Lipa,Future Nostalgia,Dua Lipa,2020-03-27,https://i.scdn.co/image/ab67616d0000b273383ed92279639a6b02e23ba3,203807
"C mon, C mon",One Direction,Take Me Home (Expanded Edition),One Direction,2012-11-12,https://i.scdn.co/image/ab67616d0000b2734e31e0d38b89b8fb239d4fbf,164680
Miss You,Louis Tomlinson,Miss You,Louis Tomlinson,2017-12-01,https://i.scdn.co/image/ab67616d0000b273a36a14b068880028feb21360,182026
TiK ToK,Kesha,Animal (Expanded Edition),Kesha,2010-01-01,https://i.scdn.co/image/ab67616d0000b2737a6339d6ddfd579f77559b3c,199693
Daydream,Lily Meola,Daydream,Lily Meola,2021-08-27,https://i.scdn.co/image/ab67616d0000b273d172101d8d03c64e461642b9,189672
The Nights,Avicii,The Days / Nights,Avicii,2014-01-01,https://i.scdn.co/image/ab67616d0000b2730ae4f4d42e4a09f3a29f64ad,176658
Last Friday Night (T.G.I.F.),Katy Perry,Teenage Dream,Katy Perry,2010-08-24,https://i.scdn.co/image/ab67616d0000b273f619042d5f6b2149a4f5e0ca,230733
Let Me Down Slowly,Alec Benjamin,Narrated For You,Alec Benjamin,2018-11-16,https://i.scdn.co/image/ab67616d0000b273459d675aa0b6f3b211357370,169353
Remember the Name (feat. Styles of Beyond),"Fort Minor, Styles Of Beyond",The Rising Tied,Fort Minor,2005-11-15,https://i.scdn.co/image/ab67616d0000b273100fb4649eae80922bf1acbf,230493
Back To You - From 13 Reasons Why – Season 2 Soundtrack,Selena Gomez,Back To You (From 13 Reasons Why – Season 2 Soundtrack),Selena Gomez,2018-05-10,https://i.scdn.co/image/ab67616d0000b27330885dcb2b5f38512fbcbc59,207904
Stitches,Shawn Mendes,Handwritten,Shawn Mendes,2015-04-14,https://i.scdn.co/image/ab67616d0000b27375bd5306fb4669a15ee74eff,206880
Perfect,Ed Sheeran,÷ (Deluxe),Ed Sheeran,2017-03-03,https://i.scdn.co/image/ab67616d0000b273ba5db46f4b838ef6027e6f96,263400
Cruel Summer,Taylor Swift,Lover,Taylor Swift,2019-08-23,https://i.scdn.co/image/ab67616d0000b273e787cffec20aa2a396a61647,178426
Somebody To You,The Vamps,Meet The Vamps,The Vamps,2014-01-01,https://i.scdn.co/image/ab67616d0000b2739f89b8390933e9ccb3673c89,185097
Who Says,Selena Gomez & The Scene,When The Sun Goes Down,Selena Gomez & The Scene,2011-01-01,https://i.scdn.co/image/ab67616d0000b2731c8193de8d62b2ffa49a09db,195613
Galway Girl,Ed Sheeran,÷ (Deluxe),Ed Sheeran,2017-03-03,https://i.scdn.co/image/ab67616d0000b273ba5db46f4b838ef6027e6f96,170826
Blank Space,Taylor Swift,1989 (Deluxe),Taylor Swift,2014-01-01,https://i.scdn.co/image/ab67616d0000b27352b2a3824413eefe9e33817a,231826
Heat Waves,Glass Animals,Dreamland,Glass Animals,2020-08-07,https://i.scdn.co/image/ab67616d0000b273712701c5e263efc8726b1464,238805
How You Get The Girl,Taylor Swift,1989 (Deluxe),Taylor Swift,2014-01-01,https://i.scdn.co/image/ab67616d0000b27352b2a3824413eefe9e33817a,247533
18,One Direction,FOUR (Deluxe),One Direction,2014-11-17,https://i.scdn.co/image/ab67616d0000b273d304ba2d71de306812eebaf4,248360
Wildest Dreams,Taylor Swift,1989,Taylor Swift,2014-01-01,https://i.scdn.co/image/ab67616d0000b273b7e976d2b35c767f9012cb72,220440
PILLOWTALK,ZAYN,Mind Of Mine (Deluxe Edition),ZAYN,2016-03-25,https://i.scdn.co/image/ab67616d0000b273a15e26d05b7ce776b566579d,202746
Love Story (Taylor s Version),Taylor Swift,Love Story (Taylor s Version),Taylor Swift,2021-02-12,https://i.scdn.co/image/ab67616d0000b273877ea8fa223c26f19aaef92d,235766
deja vu,Olivia Rodrigo,SOUR,Olivia Rodrigo,2021-05-21,https://i.scdn.co/image/ab67616d0000b273a91c10fe9472d9bd89802e5a,215506
Karma,Taylor Swift,Midnights (3am Edition),Taylor Swift,2022-10-22,https://i.scdn.co/image/ab67616d0000b273e0b60c608586d88252b8fbc0,204852
Bejeweled,Taylor Swift,Midnights (3am Edition),Taylor Swift,2022-10-22,https://i.scdn.co/image/ab67616d0000b273e0b60c608586d88252b8fbc0,194165
Vigilante Shit,Taylor Swift,Midnights (3am Edition),Taylor Swift,2022-10-22,https://i.scdn.co/image/ab67616d0000b273e0b60c608586d88252b8fbc0,164801
Anti-Hero,Taylor Swift,Midnights (3am Edition),Taylor Swift,2022-10-22,https://i.scdn.co/image/ab67616d0000b273e0b60c608586d88252b8fbc0,200690
Paper Rings,Taylor Swift,Lover,Taylor Swift,2019-08-23,https://i.scdn.co/image/ab67616d0000b273e787cffec20aa2a396a61647,222400
Through the Dark,One Direction,Midnight Memories (Deluxe),One Direction,2013-11-25,https://i.scdn.co/image/ab67616d0000b2732f76b797c382bedcafdf45e1,221733
They Don t Know About Us,One Direction,Take Me Home (Expanded Edition),One Direction,2012-11-12,https://i.scdn.co/image/ab67616d0000b2734e31e0d38b89b8fb239d4fbf,200400
You Need To Calm Down,Taylor Swift,Lover,Taylor Swift,2019-08-23,https://i.scdn.co/image/ab67616d0000b273e787cffec20aa2a396a61647,171360
The Man,Taylor Swift,Lover,Taylor Swift,2019-08-23,https://i.scdn.co/image/ab67616d0000b273e787cffec20aa2a396a61647,190360
Bigger Than Me,Louis Tomlinson,Bigger Than Me,Louis Tomlinson,2022-09-01,https://i.scdn.co/image/ab67616d0000b273ccc23641ad3a2e969b261e40,221440
ME! (feat. Brendon Urie of Panic! At The Disco),"Taylor Swift, Brendon Urie, Panic! At The Disco",Lover,Taylor Swift,2019-08-23,https://i.scdn.co/image/ab67616d0000b273e787cffec20aa2a396a61647,193000
Nice To Meet Ya,Niall Horan,Nice To Meet Ya,Niall Horan,2019-10-04,https://i.scdn.co/image/ab67616d0000b2732c40a347a68ea9bf72e01d6c,158805
Last First Kiss,One Direction,Take Me Home (Expanded Edition),One Direction,2012-11-12,https://i.scdn.co/image/ab67616d0000b2734e31e0d38b89b8fb239d4fbf,203546
You & I,One Direction,Midnight Memories (Deluxe),One Direction,2013-11-25,https://i.scdn.co/image/ab67616d0000b2732f76b797c382bedcafdf45e1,237933
Bad Blood,Taylor Swift,1989,Taylor Swift,2014-01-01,https://i.scdn.co/image/ab67616d0000b273b7e976d2b35c767f9012cb72,211933
I Don t Wanna Live Forever (Fifty Shades Darker),"ZAYN, Taylor Swift",reputation Stadium Tour Surprise Song Playlist,Taylor Swift,2017-11-09,https://i.scdn.co/image/ab67616d0000b27363d77f99117b28af9f656918,247160
Señorita,"Shawn Mendes, Camila Cabello",Señorita,"Shawn Mendes, Camila Cabello",2019-06-21,https://i.scdn.co/image/ab67616d0000b273e6095c382c2853667c1623eb,190960
Lean On,"Major Lazer, MØ, DJ Snake",Peace Is The Mission (Extended),"Major Lazer, Diplo",2015-11-27,https://i.scdn.co/image/ab67616d0000b273548910835dbfaf3f79a1dc46,176561
Cheap Thrills,Sia,This Is Acting,Sia,2016-01-29,https://i.scdn.co/image/ab67616d0000b27349e0134c686547c28b7c999f,211666
Stronger (What Doesn t Kill You),Kelly Clarkson,Stronger (Deluxe Version),Kelly Clarkson,2011-10-24,https://i.scdn.co/image/ab67616d0000b273af384269742c6b04308c1be8,221946
Closer,"The Chainsmokers, Halsey",Closer,"The Chainsmokers, Halsey",2016-07-29,https://i.scdn.co/image/ab67616d0000b273495ce6da9aeb159e94eaa453,244960
Thunder,Imagine Dragons,Evolve,Imagine Dragons,2017-06-23,https://i.scdn.co/image/ab67616d0000b2735675e83f707f1d7271e5cf8a,187146
Believer,Imagine Dragons,Evolve,Imagine Dragons,2017-06-23,https://i.scdn.co/image/ab67616d0000b2735675e83f707f1d7271e5cf8a,204346
As It Was,Harry Styles,Harry s House,Harry Styles,2022-05-20,https://i.scdn.co/image/ab67616d0000b2732e8ed79e177ff6011076f5f0,167303
Dusk Till Dawn (feat. Sia) - Radio Edit,"ZAYN, Sia",Icarus Falls,ZAYN,2018-12-14,https://i.scdn.co/image/ab67616d0000b2732bdcb339402ebd78651f09c8,239000
Style,Taylor Swift,1989 (Deluxe),Taylor Swift,2014-01-01,https://i.scdn.co/image/ab67616d0000b27352b2a3824413eefe9e33817a,231000
End Game,"Taylor Swift, Ed Sheeran, Future",reputation,Taylor Swift,2017-11-10,https://i.scdn.co/image/ab67616d0000b273da5d5aeeabacacc1263c0f4b,244826
You Belong With Me (Taylor s Version),Taylor Swift,Fearless (Taylor s Version): The I Remember What You Said Last Night Chapter,Taylor Swift,2021-05-24,https://i.scdn.co/image/ab67616d0000b2739b70e3eec70566056e113166,231124
22 (Taylor s Version),Taylor Swift,Red (Taylor s Version),Taylor Swift,2021-11-12,https://i.scdn.co/image/ab67616d0000b273318443aab3531a0558e79a4d,230960
I Knew You Were Trouble (Taylor s Version),Taylor Swift,Red (Taylor s Version),Taylor Swift,2021-11-12,https://i.scdn.co/image/ab67616d0000b273318443aab3531a0558e79a4d,219760
Shake It Off,Taylor Swift,1989 (Deluxe),Taylor Swift,2014-01-01,https://i.scdn.co/image/ab67616d0000b27352b2a3824413eefe9e33817a,219200
No Control,One Direction,FOUR (Deluxe),One Direction,2014-11-17,https://i.scdn.co/image/ab67616d0000b273d304ba2d71de306812eebaf4,199720
Heart Attack,One Direction,Take Me Home (Expanded Edition),One Direction,2012-11-12,https://i.scdn.co/image/ab67616d0000b2734e31e0d38b89b8fb239d4fbf,176120
Kiss You,One Direction,Take Me Home (Expanded Edition),One Direction,2012-11-12,https://i.scdn.co/image/ab67616d0000b2734e31e0d38b89b8fb239d4fbf,182866
Live While We re Young,One Direction,Take Me Home (Expanded Edition),One Direction,2012-11-12,https://i.scdn.co/image/ab67616d0000b2734e31e0d38b89b8fb239d4fbf,200213
Up All Night,One Direction,Up All Night,One Direction,2012-05-25,https://i.scdn.co/image/ab67616d0000b2734a5584795dc73860653a9a3e,194693
One Thing,One Direction,Up All Night,One Direction,2012-05-25,https://i.scdn.co/image/ab67616d0000b2734a5584795dc73860653a9a3e,197600
History,One Direction,Made In The A.M. (Deluxe Edition),One Direction,2015-11-13,https://i.scdn.co/image/ab67616d0000b273241e4fe75732c9c4b49b94c3,187426
Infinity,One Direction,Made In The A.M. (Deluxe Edition),One Direction,2015-11-13,https://i.scdn.co/image/ab67616d0000b273241e4fe75732c9c4b49b94c3,249480
Best Song Ever,One Direction,Midnight Memories (Deluxe),One Direction,2013-11-25,https://i.scdn.co/image/ab67616d0000b2732f76b797c382bedcafdf45e1,200106
Perfect,One Direction,Made In The A.M. (Deluxe Edition),One Direction,2015-11-13,https://i.scdn.co/image/ab67616d0000b273241e4fe75732c9c4b49b94c3,230333
Story of My Life,One Direction,Midnight Memories (Deluxe),One Direction,2013-11-25,https://i.scdn.co/image/ab67616d0000b2732f76b797c382bedcafdf45e1,245493
Drag Me Down,One Direction,Made In The A.M. (Deluxe Edition),One Direction,2015-11-13,https://i.scdn.co/image/ab67616d0000b273241e4fe75732c9c4b49b94c3,192120
Steal My Girl,One Direction,FOUR (Deluxe),One Direction,2014-11-17,https://i.scdn.co/image/ab67616d0000b273d304ba2d71de306812eebaf4,228133
What Makes You Beautiful,One Direction,Up All Night,One Direction,2012-05-25,https://i.scdn.co/image/ab67616d0000b2734a5584795dc73860653a9a3e,199986
Night Changes,One Direction,FOUR (Deluxe),One Direction,2014-11-17,https://i.scdn.co/image/ab67616d0000b273d304ba2d71de306812eebaf4,226600
We Found Love,"Rihanna, Calvin Harris",Talk That Talk,Rihanna,2011-11-18,https://i.scdn.co/image/ab67616d0000b273bef074de9ca825bddaeb9f46,215226
Lush Life,Zara Larsson,So Good,Zara Larsson,2017-03-17,https://i.scdn.co/image/ab67616d0000b2739e1683774b22648f4f178ed3,201122
Yeah! (feat. Lil Jon & Ludacris),"USHER, Lil Jon, Ludacris",Confessions (Expanded Edition),USHER,2004-03-23,https://i.scdn.co/image/ab67616d0000b273365b3fb800c19f7ff72602da,250373
One Last Time,Ariana Grande,My Everything (Deluxe),Ariana Grande,2014-08-25,https://i.scdn.co/image/ab67616d0000b273deec12a28d1e336c5052e9aa,197266
In the Name of Love,"Martin Garrix, Bebe Rexha",In the Name of Love,"Martin Garrix, Bebe Rexha",2016-07-29,https://i.scdn.co/image/ab67616d0000b2738c77bcf5f5a227d270d23370,195706
People You Know,Selena Gomez,Rare,Selena Gomez,2020-01-10,https://i.scdn.co/image/ab67616d0000b2732abcc266597eb46f897a8666,194900
Scars To Your Beautiful,Alessia Cara,Know-It-All,Alessia Cara,2015-11-13,https://i.scdn.co/image/ab67616d0000b273d7ef1ffbd2a5821152f35ce1,230240
Sucker,Jonas Brothers,Happiness Begins,Jonas Brothers,2019-06-07,https://i.scdn.co/image/ab67616d0000b273de1a3a5eaa0c75bb18e7b597,181026
Say You Won t Let Go,James Arthur,Back from the Edge,James Arthur,2016-10-28,https://i.scdn.co/image/ab67616d0000b27320beb61f61fcbeb33b10a9ab,211466
Chuck Taylor,"Connor Price, SIRI",Spin The Globe,Connor Price,2023-01-27,https://i.scdn.co/image/ab67616d0000b27348113e42e6364509694507d2,138027
Underdog,Connor Price,Underdog,Connor Price,2023-10-06,https://i.scdn.co/image/ab67616d0000b273fbf611daea334b2e600d1bbb,143406
Lover (Remix) [feat. Shawn Mendes],"Taylor Swift, Shawn Mendes",Lover (Remix) [feat. Shawn Mendes],"Taylor Swift, Shawn Mendes",2019-11-13,https://i.scdn.co/image/ab67616d0000b27359457bdb1edb5c6417f3baa2,221306
Kill This Love,BLACKPINK,KILL THIS LOVE,BLACKPINK,2019-04-05,https://i.scdn.co/image/ab67616d0000b2735dcded478bd1a908dbabf05e,189052
Work from Home (feat. Ty Dolla $ign),"Fifth Harmony, Ty Dolla $ign",7/27 (Deluxe),Fifth Harmony,2016-05-27,https://i.scdn.co/image/ab67616d0000b273d03fa6f4e758282b7920b5c8,214480
Havana (feat. Young Thug),"Camila Cabello, Young Thug",Camila,Camila Cabello,2018-01-12,https://i.scdn.co/image/ab67616d0000b2736eb0b9e73adcf04e4ed3eca4,217306
Treat You Better,Shawn Mendes,Illuminate,Shawn Mendes,2017-04-20,https://i.scdn.co/image/ab67616d0000b2731376b4b16f4bfcba02dc571b,187973
Locked Away (feat. Adam Levine),"R. City, Adam Levine",What Dreams Are Made Of,R. City,2015-10-09,https://i.scdn.co/image/ab67616d0000b2739519b1a9e2b552407e65b01a,227480
Problems,ilyaugust,Problems,ilyaugust,2023-09-08,https://i.scdn.co/image/ab67616d0000b273b5f70caf69a34c587a9628ba,133333
Midnight Rain,Taylor Swift,Midnights,Taylor Swift,2022-10-21,https://i.scdn.co/image/ab67616d0000b273bb54dde68cd23e2a268ae0f5,174782
Nonsense,Sabrina Carpenter,emails i can t send,Sabrina Carpenter,2022-07-15,https://i.scdn.co/image/ab67616d0000b273700f7bf79c9f063ad0362bdf,163648
Cool for the Summer,Demi Lovato,Confident,Demi Lovato,2015-01-01,https://i.scdn.co/image/ab67616d0000b273ed164cf1c10f028e8f528784,214739
Players,Coi Leray,Players,Coi Leray,2022-11-30,https://i.scdn.co/image/ab67616d0000b2731cf7cf4446b496525e423465,139560
Paint The Town Red,Doja Cat,Paint The Town Red,Doja Cat,2023-08-04,https://i.scdn.co/image/ab67616d0000b2737acee948ecac8380c1b6ce30,231750
Strangers,Kenya Grace,Strangers,Kenya Grace,2023-09-01,https://i.scdn.co/image/ab67616d0000b2734756c2e9ae436437cd75e9f3,172964
Heart Attack,Demi Lovato,Demi,Demi Lovato,2013-01-01,https://i.scdn.co/image/ab67616d0000b273aadb13ae608f6af20528409b,210840
Typa Girl,BLACKPINK,BORN PINK,BLACKPINK,2022-09-16,https://i.scdn.co/image/ab67616d0000b273580ac3ad7dfc81e509171120,179172
Summertime Friends,The Chainsmokers,Summertime Friends,The Chainsmokers,2023-09-08,https://i.scdn.co/image/ab67616d0000b27302afda5a83c34b02c4404a3b,136586
Runaway,Elevator Boys,Runaway,Elevator Boys,2023-07-21,https://i.scdn.co/image/ab67616d0000b273994497d82526931e2777bbbf,166700
Single Soon,Selena Gomez,Single Soon,Selena Gomez,2023-08-25,https://i.scdn.co/image/ab67616d0000b273fabd32dd9cefca8714c0ed41,171655
Stay,"Zedd, Alessia Cara",Stay,"Zedd, Alessia Cara",2017-02-23,https://i.scdn.co/image/ab67616d0000b273b993cba8ff7d0a8e9ee18d46,210090
Love Like This - Mura Masa Remix,"ZAYN, Mura Masa",Love Like This (Mura Masa Remix),"ZAYN, Mura Masa",2023-09-08,https://i.scdn.co/image/ab67616d0000b27344f07dfbcc7383ac0b4fd98f,163322
We Don t Talk Anymore (feat. Selena Gomez),"Charlie Puth, Selena Gomez",Nine Track Mind,Charlie Puth,2016-01-29,https://i.scdn.co/image/ab67616d0000b273633a2d775747bccfbcb17a45,217706
Daylight,David Kushner,Daylight,David Kushner,2023-04-14,https://i.scdn.co/image/ab67616d0000b27395ca6a9b4083a86c149934ae,212953
Let Me Love You,"DJ Snake, Justin Bieber",Encore,DJ Snake,2016-08-05,https://i.scdn.co/image/ab67616d0000b273212d776c31027c511f0ee3bc,205946
Hopeless,Connor Price,Hopeless,Connor Price,2023-09-01,https://i.scdn.co/image/ab67616d0000b2738f3c7299f88e78b5cbe028df,176529
Roses,"The Chainsmokers, ROZES",Roses,The Chainsmokers,2015-06-16,https://i.scdn.co/image/ab67616d0000b2738d2cfad007b9431f48aef135,226738
The Middle,"Zedd, Maren Morris, Grey",The Middle,"Zedd, Maren Morris, Grey",2018-01-23,https://i.scdn.co/image/ab67616d0000b273fbe22d168a743b782a5e856a,184732
Paris,The Chainsmokers,Memories...Do Not Open,The Chainsmokers,2017-04-07,https://i.scdn.co/image/ab67616d0000b2730c13d3d5a503c84fcc60ae94,221506
Fast Car,"Jonas Blue, Dakota",Fast Car,"Jonas Blue, Dakota",2015-12-04,https://i.scdn.co/image/ab67616d0000b273c1faca501ed4c2752524da96,212424
I Like Me Better,Lauv,I met you when I was 18. (the playlist),Lauv,2018-05-31,https://i.scdn.co/image/ab67616d0000b273bdea30b86b37142ec99deb78,197436
When Emma Falls in Love (Taylor s Version) (From The Vault),Taylor Swift,Speak Now (Taylor s Version),Taylor Swift,2023-07-07,https://i.scdn.co/image/ab67616d0000b2730b04da4f224b51ff86e0a481,252385
Enchanted (Taylor s Version),Taylor Swift,Speak Now (Taylor s Version),Taylor Swift,2023-07-07,https://i.scdn.co/image/ab67616d0000b2730b04da4f224b51ff86e0a481,353253
Mine (Taylor s Version),Taylor Swift,Speak Now (Taylor s Version),Taylor Swift,2023-07-07,https://i.scdn.co/image/ab67616d0000b2730b04da4f224b51ff86e0a481,231706
Look What You Made Me Do,Taylor Swift,reputation,Taylor Swift,2017-11-10,https://i.scdn.co/image/ab67616d0000b273da5d5aeeabacacc1263c0f4b,211853
Sorry,Justin Bieber,Purpose (Deluxe),Justin Bieber,2015-11-13,https://i.scdn.co/image/ab67616d0000b273f46b9d202509a8f7384b90de,200786
Hall of Fame (feat. will.i.am),"The Script, will.i.am",#3 Deluxe Version,The Script,2012-09-10,https://i.scdn.co/image/ab67616d0000b2732e3049fef96abebf336b7366,202533
It Ain t Me (with Selena Gomez),"Kygo, Selena Gomez",It Ain t Me (with Selena Gomez),"Kygo, Selena Gomez",2017-02-16,https://i.scdn.co/image/ab67616d0000b27341f289940f2e6a0d51988d77,220780
Black Magic,Little Mix,Get Weird (Expanded Edition),Little Mix,2015-11-06,https://i.scdn.co/image/ab67616d0000b273995994477ea1ae8097978bf8,211786
Kill Bill,SZA,SOS,SZA,2022-12-08,https://i.scdn.co/image/ab67616d0000b2730c471c36970b9406233842a5,153946
Outside (feat. Ellie Goulding),"Calvin Harris, Ellie Goulding",Motion,Calvin Harris,2014-10-31,https://i.scdn.co/image/ab67616d0000b273063c048e9ef6bd021b744756,227266
Gasolina,Daddy Yankee,Barrio Fino (Bonus Track Version),Daddy Yankee,2004-07-13,https://i.scdn.co/image/ab67616d0000b2736bdcdf82ecce36bff808a40c,192600
Maps,Maroon 5,V (Asia Tour Edition),Maroon 5,2015-05-18,https://i.scdn.co/image/ab67616d0000b27337677af5b4f23fe9dc8a3c04,189960
Whistle,Flo Rida,Wild Ones,Flo Rida,2012-06-22,https://i.scdn.co/image/ab67616d0000b273871d85943145dde548f4ae09,224653
Eenie Meenie,"Sean Kingston, Justin Bieber",Eenie Meenie,"Sean Kingston, Justin Bieber",2010-03-23,https://i.scdn.co/image/ab67616d0000b2734dea4c1cdf30c359dbaec318,201946
Payphone,"Maroon 5, Wiz Khalifa",Overexposed Track By Track,Maroon 5,2012-01-01,https://i.scdn.co/image/ab67616d0000b273fc8633e22a7dba6aab817bff,231173
SexyBack (feat. Timbaland),"Justin Timberlake, Timbaland",FutureSex/LoveSounds,Justin Timberlake,2006-09-12,https://i.scdn.co/image/ab67616d0000b273c6ba98fd3f3b396a6c6f7091,242733
Sunflower - Spider-Man: Into the Spider-Verse,"Post Malone, Swae Lee",Hollywood s Bleeding,Post Malone,2019-09-06,https://i.scdn.co/image/ab67616d0000b2739478c87599550dd73bfa7e02,157560
Heather,Conan Gray,Kid Krow,Conan Gray,2020-03-20,https://i.scdn.co/image/ab67616d0000b27388e3cda6d29b2552d4d6bc43,198040
